<img  src="20210509_175128.jpg" />,<img  src="20210509_175134.jpg" />
<img  src="20210509_175137.jpg" />,<img  src="20210509_175140.jpg" />
<img  src="20210509_175143.jpg" />,<img  src="20210509_175145.jpg" />
<img  src="20210509_175148.jpg" />,<img  src="20210509_175150.jpg" />
<img  src="20210509_175152.jpg" />,<img  src="20210509_175157.jpg" />
<img  src="20210509_175227.jpg" />,<img  src="20210509_175230.jpg" />
<img  src="20210509_175233.jpg" />,<img  src="20210509_175237.jpg" />
<img  src="20210509_175239.jpg" />,<img  src="20210509_175242.jpg" />
<img  src="20210509_175244.jpg" />,<img  src="20210509_175246.jpg" />
<img  src="20210509_175248.jpg" />,<img  src="20210509_175250.jpg" />
<img  src="20210509_175252.jpg" />,<img  src="20210509_175255.jpg" />
<img  src="20210509_175257.jpg" />,<img  src="20210509_175300.jpg" />
<img  src="20210509_175303.jpg" />,<img  src="20210509_175306.jpg" />
<img  src="20210509_175309.jpg" />,<img  src="20210509_175311.jpg" />
<img  src="20210509_175313.jpg" />,<img  src="20210509_175315.jpg" />
<img  src="20210509_175317.jpg" />,<img  src="20210509_175319.jpg" />
<img  src="20210509_175322.jpg" />,<img  src="20210509_175324.jpg" />
<img  src="20210509_175327.jpg" />,<img  src="20210509_175329.jpg" />
<img  src="20210509_175331.jpg" />,<img  src="20210509_175334.jpg" />
<img  src="20210509_175343.jpg" />,<img  src="20210509_175346.jpg" />
<img  src="20210509_175350.jpg" />,<img  src="20210509_175353.jpg" />
<img  src="20210509_175356.jpg" />,<img  src="20210509_175359.jpg" />
<img  src="20210509_175401.jpg" />,<img  src="20210509_175403.jpg" />
<img  src="20210509_175405.jpg" />,<img  src="20210509_175408.jpg" />
<img  src="20210509_175410.jpg" />,<img  src="20210509_175413.jpg" />
<img  src="20210509_175416.jpg" />,<img  src="20210509_175418.jpg" />
<img  src="20210509_175422.jpg" />,<img  src="20210509_175426.jpg" />
<img  src="20210509_175430.jpg" />,<img  src="20210509_175433.jpg" />
<img  src="20210509_175436.jpg" />,<img  src="20210509_175439.jpg" />
<img  src="20210509_175445.jpg" />,<img  src="20210509_175448.jpg" />
<img  src="20210509_175450.jpg" />,<img  src="20210509_175453.jpg" />
<img  src="20210509_175455.jpg" />,<img  src="20210509_175458.jpg" />
<img  src="20210509_175501.jpg" />,<img  src="20210509_175503.jpg" />
<img  src="20210509_175533.jpg" />,<img  src="20210509_175535.jpg" />
<img  src="20210509_175556.jpg" />,<img  src="20210509_175558.jpg" />
<img  src="20210509_175601.jpg" />,<img  src="20210509_175603.jpg" />
<img  src="20210509_175605.jpg" />,<img  src="20210509_175607.jpg" />
<img  src="20210509_175609.jpg" />,<img  src="20210509_175612.jpg" />
<img  src="20210509_175614.jpg" />,<img  src="20210509_175617.jpg" />
<img  src="20210509_175619.jpg" />,<img  src="20210509_175621.jpg" />
<img  src="20210509_175646.jpg" />,<img  src="20210509_175649.jpg" />
<img  src="20210509_175652.jpg" />,<img  src="20210509_175655.jpg" />
<img  src="20210509_175657.jpg" />,<img  src="20210509_175705.jpg" />
<img  src="20210509_175709.jpg" />,<img  src="20210509_175712.jpg" />
<img  src="20210509_175738.jpg" />,<img  src="20210509_175741.jpg" />
<img  src="20210509_175745.jpg" />,<img  src="20210509_175748.jpg" />
<img  src="20210509_175751.jpg" />,<img  src="20210509_175754.jpg" />
<img  src="20210509_175803.jpg" />,<img  src="20210509_175806.jpg" />
<img  src="20210509_175808.jpg" />,<img  src="20210509_175810.jpg" />
<img  src="20210509_175812.jpg" />,<img  src="20210509_175814.jpg" />
<img  src="20210509_175817.jpg" />,<img  src="20210509_175819.jpg" />
<img  src="20210509_175821.jpg" />,<img  src="20210509_175825.jpg" />
<img  src="20210509_175827.jpg" />,<img  src="20210509_175830.jpg" />
<img  src="20210509_175832.jpg" />,<img  src="20210509_175836.jpg" />
<img  src="20210509_175840.jpg" />,<img  src="20210509_175843.jpg" />
<img  src="20210509_175845.jpg" />,<img  src="20210509_175848.jpg" />
<img  src="20210509_175851.jpg" />,<img  src="20210509_175853.jpg" />
<img  src="20210509_175856.jpg" />,<img  src="20210509_175900.jpg" />
<img  src="20210509_175903.jpg" />,<img  src="20210509_175905.jpg" />
<img  src="20210509_175908.jpg" />,<img  src="20210509_175911.jpg" />
<img  src="20210509_175914.jpg" />,<img  src="20210509_175916.jpg" />
<img  src="20210509_180030.jpg" />,<img  src="20210509_180033.jpg" />
<img  src="20210509_180035.jpg" />,<img  src="20210509_180037.jpg" />
<img  src="20210509_180039.jpg" />,<img  src="20210509_180042.jpg" />
<img  src="20210509_180044.jpg" />,<img  src="20210509_180046.jpg" />
<img  src="20210509_180048.jpg" />,<img  src="20210509_180051.jpg" />
<img  src="20210509_180053.jpg" />,<img  src="20210509_180056.jpg" />
<img  src="20210509_180058.jpg" />,<img  src="20210509_180101.jpg" />
<img  src="20210509_180106.jpg" />,<img  src="20210509_180110.jpg" />
<img  src="20210509_180113.jpg" />,<img  src="20210509_180115.jpg" />
<img  src="20210509_180118.jpg" />,<img  src="20210509_180120.jpg" />
<img  src="20210509_180122.jpg" />,<img  src="20210509_180125.jpg" />
<img  src="20210509_180128.jpg" />,<img  src="20210509_180131.jpg" />
<img  src="20210509_180134.jpg" />,<img  src="20210509_180137.jpg" />
<img  src="20210509_180140.jpg" />,<img  src="20210509_180142.jpg" />
<img  src="20210509_180153.jpg" />,<img  src="20210509_180155.jpg" />
<img  src="20210509_180157.jpg" />,<img  src="20210509_180159.jpg" />
<img  src="20210509_180201.jpg" />,<img  src="20210509_180203.jpg" />
<img  src="20210509_180206.jpg" />,<img  src="20210509_180208.jpg" />
<img  src="20210509_180210.jpg" />,<img  src="20210509_180212.jpg" />
<img  src="20210509_180214.jpg" />,<img  src="20210509_180216.jpg" />
<img  src="20210509_180218.jpg" />,<img  src="20210509_180221.jpg" />
<img  src="20210509_180225.jpg" />,<img  src="20210509_180227.jpg" />
<img  src="20210509_180230.jpg" />,<img  src="20210509_180232.jpg" />
<img  src="20210509_180234.jpg" />,<img  src="20210509_180236.jpg" />
<img  src="20210509_180238.jpg" />,<img  src="20210509_180240.jpg" />
<img  src="20210509_180243.jpg" />,<img  src="20210509_180246.jpg" />
<img  src="20210509_180250.jpg" />,<img  src="20210509_180253.jpg" />
<img  src="20210509_180256.jpg" />,<img  src="20210509_180258.jpg" />
<img  src="20210509_180312.jpg" />,<img  src="20210509_180314.jpg" />
<img  src="20210509_180317.jpg" />,<img  src="20210509_180319.jpg" />
<img  src="20210509_180321.jpg" />,<img  src="20210509_180323.jpg" />
<img  src="20210509_180326.jpg" />,<img  src="20210509_180329.jpg" />
<img  src="20210509_180332.jpg" />,<img  src="20210509_180335.jpg" />
<img  src="20210509_180338.jpg" />,<img  src="20210509_180340.jpg" />
<img  src="20210509_180342.jpg" />,<img  src="20210509_180345.jpg" />
<img  src="20210509_180349.jpg" />,<img  src="20210509_180352.jpg" />
<img  src="20210509_180355.jpg" />,<img  src="20210509_180357.jpg" />
<img  src="20210509_180359.jpg" />,<img  src="20210509_180402.jpg" />
<img  src="20210509_180404.jpg" />,<img  src="20210509_180406.jpg" />
<img  src="20210509_180408.jpg" />,<img  src="20210509_180411.jpg" />
